abbreviation	length	midpoint_index	optimal_join_index	sequential_complexity
CbGaD	2	1	2	1.706732543946901
CbGbCtD	3	1	3	1.2669242541710106
CtDaGaD	3	1	3	2.3966787811950483
CtDtCtD	3	1	3	0.902292496091267
CbGaDaGaD	4	2	2	3.451256776522939
CbGaDtCtD	4	2	2	1.956870491419158
CbGbCbGaD	4	2	4	2.3215022494989013
CtDaGbCtD	4	2	4	1.9568704914191581
CtDtCbGaD	4	2	4	1.956870491419158
