abbreviation	length	midpoint_index	optimal_join_index	sequential_complexity
CbGaD	2	1	2	1.706732543946901
CbGbCtD	3	1	3	1.2503708451185136
CtDaGaD	3	1	3	2.380125372142551
CtDtCtD	3	1	3	0.8526322689337762
CbGaDaGaD	4	2	2	3.451256776522939
CbGaDtCtD	4	2	2	1.923763673314164
CbGbCbGaD	4	2	4	2.3215022494989013
CtDaGbCtD	4	2	4	1.923763673314164
CtDtCbGaD	4	2	4	1.923763673314164
