feature	feature_type	unperm_mean	unperm_sd
prior_prob	prior	0.033282	0.060884
CbG	degree	11.438	12.307
CtD	degree	1.9527	2.3228
DaG	degree	148.57	149.87
DtC	degree	9.7649	11.49
CbGaD	dwpc	0.004335	0.011928
CbGaDaGaD	dwpc	0.0073152	0.0075549
CbGaDtCtD	dwpc	0.003001	0.0046256
CbGbCbGaD	dwpc	0.0086911	0.012651
CbGbCtD	dwpc	0.012916	0.023628
CtDaGaD	dwpc	0.016677	0.022805
CtDaGbCtD	dwpc	0.0045556	0.0065571
CtDtCbGaD	dwpc	0.0043034	0.0061356
CtDtCtD	dwpc	0.011039	0.025444
