metapath	dwpc_auroc	pdwpc_auroc	rdwpc_auroc	nonzero	pdwpc_primary_auroc	delta_auroc	pval_delta_auroc
CbGaD	0.71649	0.60246	0.70178	0.3265	0.56621	0.15028	7.5613e-07
CbGaDaGaD	0.68749	0.63235	0.63286	0.97854	0.60799	0.079507	8.2092e-06
CbGaDtCtD	0.68021	0.68856	0.57758	0.73463	0.61119	0.06902	2.4043e-05
CbGbCbGaD	0.69051	0.6487	0.64917	0.91089	0.62966	0.060851	0.00029706
CbGbCtD	0.84855	0.71419	0.82042	0.70797	0.63119	0.21736	3.4793e-06
CtDaGaD	0.56855	0.75315	0.51722	0.84846	0.44507	0.12349	7.963e-06
CtDaGbCtD	0.50264	0.81598	0.30901	0.75512	0.46565	0.036991	0.0004765
CtDtCbGaD	0.50287	0.74344	0.37012	0.70634	0.4573	0.045576	0.00018543
CtDtCtD	0.71952	0.77773	0.62965	0.2865	0.51213	0.20739	8.8949e-07
