feature	coef	zcoef
intercept	-2.260414990553063	-4.746516176985268
prior_logit	0.6576958755605687	0.826275629779187
degree_CbG	-0.15963290000018293	-0.15548503636907354
degree_DaG	-0.04555159804855033	-0.030801523754796546
dwpc_CbGaD	0.21426628352238514	0.25954825919676444
dwpc_CbGaDaGaD	-0.015414436489355964	-0.016540007226485055
dwpc_CbGbCbGaD	0.0	0.0
dwpc_CbGbCtD	0.4782518863347919	0.6333717335747152
dwpc_CtDtCtD	0.10205667210774537	0.2531896308062665
